{"cameraMode":{"drawMode":0,"name":"Shaded","section":"Shading Mode"},"sceneLighting":true,"audioPlay":false,"sceneViewState":{"showFog":true,"showMaterialUpdate":false,"showSkybox":true,"showFlares":true,"showImageEffects":true,"showParticleSystems":true},"in2DMode":false,"pivot":{"x":1.3705730438232422,"y":-1.1579580307006837,"z":10.301892280578614},"rotation":{"x":0.2082340121269226,"y":-0.4278571307659149,"z":0.10200241208076477,"w":0.8736226558685303},"size":5.555110931396484,"orthographic":false}