{"cameraMode":{"drawMode":0,"name":"Shaded","section":"Shading Mode"},"sceneLighting":true,"audioPlay":false,"sceneViewState":{"showFog":true,"showMaterialUpdate":false,"showSkybox":true,"showFlares":true,"showImageEffects":true,"showParticleSystems":true},"in2DMode":false,"pivot":{"x":8.64583969116211,"y":-2.4899749755859377,"z":16.057476043701173},"rotation":{"x":0.3129655122756958,"y":-0.005383424926549196,"z":0.0018378106178715826,"w":0.9497769474983215},"size":9.917041778564454,"orthographic":false}